{
    "model": "Random Forest",
    "accuracy": 0.7676543647977289,
    "precision": 0.9676148257603744,
    "recall": 0.6123275929244916,
    "f1_score": 0.7500238617924978,
    "roc_auc": 0.9610647261695623,
    "confusion_matrix": [
        [
            9448,
            263
        ],
        [
            4975,
            7858
        ]
    ]
}