{
    "model": "Quantum VQC",
    "accuracy": 0.7633333333333333,
    "precision": 0.9705882352941176,
    "recall": 0.592814371257485,
    "f1_score": 0.7360594795539034,
    "roc_auc": 0.9350772139930665,
    "confusion_matrix": [
        [
            130,
            3
        ],
        [
            68,
            99
        ]
    ]
}